{"mesh_mean": 7.5026081493640095, "mesh_std": 6.832995136314132, "pose_mean": [38.64690970042466, -3.640825172823778, -150.03440956029738, 0, 0, 0], "pose_std": [47.495539132169014, 13.449877082112721, 7.077123395155714, 1, 1, 1], "sfs2mesh_weight": 1.9957635402679443, "sfs2mesh_bias": 0.04947324097156525, "mesh2sfs_weight": 0.24798128008842468, "mesh2sfs_bias": 1.0092045068740845, "mesh2sfs_kernel": 13, "hist_complex_mean": 0.7572958607209295, "hist_complex_std": 0.45157465925644624}