{"img_mean": 43.36462275437425, "img_std": 35.266543322113804, "pose_mean": [-2.897581451325023, -5.679421423863781, -154.36495817977956, -0.0681317787007812, -0.24411906236577557, -0.04728784427959971], "pose_std": [51.60500395998597, 31.458489246568227, 11.26968634730475, 0.7773160431750848, 0.7531452093742871, 0.7347699283719744], "sfs_intensity_w": 1.03, "sfs_intensity_b": 10.20, "ct_origin": [1, 1, 1], "em_origin": [0, 0, 1]}